[
{
  "model": "admin.logentry",
  "pk": 1,
  "fields": {
    "action_time": "2023-05-21T10:25:35.027Z",
    "user": 1,
    "content_type": 7,
    "object_id": "3",
    "object_repr": "Tets title",
    "action_flag": 1,
    "change_message": "[{\"added\": {}}]"
  }
},
{
  "model": "admin.logentry",
  "pk": 2,
  "fields": {
    "action_time": "2023-05-21T10:32:53.164Z",
    "user": 1,
    "content_type": 7,
    "object_id": "4",
    "object_repr": "Tetst2",
    "action_flag": 1,
    "change_message": "[{\"added\": {}}]"
  }
},
{
  "model": "admin.logentry",
  "pk": 3,
  "fields": {
    "action_time": "2023-05-28T09:29:08.909Z",
    "user": 1,
    "content_type": 7,
    "object_id": "5",
    "object_repr": "Tetst2",
    "action_flag": 1,
    "change_message": "[{\"added\": {}}]"
  }
},
{
  "model": "admin.logentry",
  "pk": 4,
  "fields": {
    "action_time": "2023-05-28T09:30:29.729Z",
    "user": 1,
    "content_type": 7,
    "object_id": "6",
    "object_repr": "Test3",
    "action_flag": 1,
    "change_message": "[{\"added\": {}}]"
  }
},
{
  "model": "admin.logentry",
  "pk": 5,
  "fields": {
    "action_time": "2023-05-28T09:40:07.921Z",
    "user": 1,
    "content_type": 4,
    "object_id": "2",
    "object_repr": "user1",
    "action_flag": 1,
    "change_message": "[{\"added\": {}}]"
  }
},
{
  "model": "admin.logentry",
  "pk": 6,
  "fields": {
    "action_time": "2023-05-28T09:40:55.413Z",
    "user": 1,
    "content_type": 7,
    "object_id": "7",
    "object_repr": "Test4",
    "action_flag": 1,
    "change_message": "[{\"added\": {}}]"
  }
},
{
  "model": "admin.logentry",
  "pk": 7,
  "fields": {
    "action_time": "2023-05-28T09:41:32.151Z",
    "user": 1,
    "content_type": 7,
    "object_id": "8",
    "object_repr": "Tets title",
    "action_flag": 1,
    "change_message": "[{\"added\": {}}]"
  }
},
{
  "model": "admin.logentry",
  "pk": 8,
  "fields": {
    "action_time": "2023-05-29T14:09:35.760Z",
    "user": 1,
    "content_type": 8,
    "object_id": "1",
    "object_repr": "Comment by Stan on New title",
    "action_flag": 1,
    "change_message": "[{\"added\": {}}]"
  }
},
{
  "model": "admin.logentry",
  "pk": 9,
  "fields": {
    "action_time": "2023-05-29T14:10:24.423Z",
    "user": 1,
    "content_type": 8,
    "object_id": "2",
    "object_repr": "Comment by Stan on One more post",
    "action_flag": 1,
    "change_message": "[{\"added\": {}}]"
  }
},
{
  "model": "admin.logentry",
  "pk": 10,
  "fields": {
    "action_time": "2023-06-03T13:51:06.485Z",
    "user": 1,
    "content_type": 7,
    "object_id": "1",
    "object_repr": "New title",
    "action_flag": 2,
    "change_message": "[{\"changed\": {\"fields\": [\"Status\"]}}]"
  }
},
{
  "model": "admin.logentry",
  "pk": 11,
  "fields": {
    "action_time": "2023-06-03T15:29:10.028Z",
    "user": 1,
    "content_type": 7,
    "object_id": "3",
    "object_repr": "Tets title",
    "action_flag": 2,
    "change_message": "[{\"changed\": {\"fields\": [\"Tags\"]}}]"
  }
},
{
  "model": "admin.logentry",
  "pk": 12,
  "fields": {
    "action_time": "2023-06-04T12:12:59.197Z",
    "user": 1,
    "content_type": 7,
    "object_id": "4",
    "object_repr": "Tetst2",
    "action_flag": 2,
    "change_message": "[{\"changed\": {\"fields\": [\"Tags\"]}}]"
  }
},
{
  "model": "admin.logentry",
  "pk": 13,
  "fields": {
    "action_time": "2023-06-04T12:13:10.494Z",
    "user": 1,
    "content_type": 7,
    "object_id": "5",
    "object_repr": "Tetst2",
    "action_flag": 2,
    "change_message": "[{\"changed\": {\"fields\": [\"Tags\"]}}]"
  }
},
{
  "model": "admin.logentry",
  "pk": 14,
  "fields": {
    "action_time": "2023-06-04T12:13:16.728Z",
    "user": 1,
    "content_type": 7,
    "object_id": "7",
    "object_repr": "Test4",
    "action_flag": 2,
    "change_message": "[{\"changed\": {\"fields\": [\"Tags\"]}}]"
  }
},
{
  "model": "admin.logentry",
  "pk": 15,
  "fields": {
    "action_time": "2023-06-04T13:35:28.270Z",
    "user": 1,
    "content_type": 7,
    "object_id": "9",
    "object_repr": "Markdown text",
    "action_flag": 1,
    "change_message": "[{\"added\": {}}]"
  }
},
{
  "model": "admin.logentry",
  "pk": 16,
  "fields": {
    "action_time": "2023-06-04T13:40:36.033Z",
    "user": 1,
    "content_type": 7,
    "object_id": "10",
    "object_repr": "Markdown post",
    "action_flag": 1,
    "change_message": "[{\"added\": {}}]"
  }
},
{
  "model": "admin.logentry",
  "pk": 17,
  "fields": {
    "action_time": "2023-06-04T13:56:26.915Z",
    "user": 1,
    "content_type": 7,
    "object_id": "11",
    "object_repr": "MarkD post",
    "action_flag": 1,
    "change_message": "[{\"added\": {}}]"
  }
},
{
  "model": "admin.logentry",
  "pk": 18,
  "fields": {
    "action_time": "2023-06-04T13:57:15.299Z",
    "user": 1,
    "content_type": 7,
    "object_id": "11",
    "object_repr": "MarkD post",
    "action_flag": 2,
    "change_message": "[{\"changed\": {\"fields\": [\"Status\"]}}]"
  }
},
{
  "model": "admin.logentry",
  "pk": 19,
  "fields": {
    "action_time": "2023-06-04T13:58:29.909Z",
    "user": 1,
    "content_type": 7,
    "object_id": "11",
    "object_repr": "MarkD post",
    "action_flag": 3,
    "change_message": ""
  }
},
{
  "model": "admin.logentry",
  "pk": 20,
  "fields": {
    "action_time": "2023-06-04T13:58:35.292Z",
    "user": 1,
    "content_type": 7,
    "object_id": "10",
    "object_repr": "Markdown post",
    "action_flag": 3,
    "change_message": ""
  }
},
{
  "model": "admin.logentry",
  "pk": 21,
  "fields": {
    "action_time": "2023-06-04T13:58:43.126Z",
    "user": 1,
    "content_type": 7,
    "object_id": "9",
    "object_repr": "Markdown text",
    "action_flag": 3,
    "change_message": ""
  }
},
{
  "model": "admin.logentry",
  "pk": 22,
  "fields": {
    "action_time": "2023-06-04T13:59:43.675Z",
    "user": 1,
    "content_type": 7,
    "object_id": "12",
    "object_repr": "Markdown post",
    "action_flag": 1,
    "change_message": "[{\"added\": {}}]"
  }
},
{
  "model": "admin.logentry",
  "pk": 23,
  "fields": {
    "action_time": "2023-06-04T14:01:05.645Z",
    "user": 1,
    "content_type": 7,
    "object_id": "13",
    "object_repr": "Markdawn post2",
    "action_flag": 1,
    "change_message": "[{\"added\": {}}]"
  }
},
{
  "model": "admin.logentry",
  "pk": 24,
  "fields": {
    "action_time": "2023-06-04T14:02:08.575Z",
    "user": 1,
    "content_type": 7,
    "object_id": "13",
    "object_repr": "Markdawn post2",
    "action_flag": 2,
    "change_message": "[{\"changed\": {\"fields\": [\"Body\"]}}]"
  }
},
{
  "model": "admin.logentry",
  "pk": 25,
  "fields": {
    "action_time": "2023-06-04T14:02:58.193Z",
    "user": 1,
    "content_type": 7,
    "object_id": "13",
    "object_repr": "Markdawn post2",
    "action_flag": 2,
    "change_message": "[{\"changed\": {\"fields\": [\"Body\"]}}]"
  }
},
{
  "model": "admin.logentry",
  "pk": 26,
  "fields": {
    "action_time": "2023-06-04T14:03:55.705Z",
    "user": 1,
    "content_type": 7,
    "object_id": "13",
    "object_repr": "Markdawn post2",
    "action_flag": 2,
    "change_message": "[{\"changed\": {\"fields\": [\"Body\"]}}]"
  }
},
{
  "model": "admin.logentry",
  "pk": 27,
  "fields": {
    "action_time": "2023-06-04T14:04:26.059Z",
    "user": 1,
    "content_type": 7,
    "object_id": "13",
    "object_repr": "Markdawn post2",
    "action_flag": 2,
    "change_message": "[{\"changed\": {\"fields\": [\"Body\"]}}]"
  }
},
{
  "model": "admin.logentry",
  "pk": 28,
  "fields": {
    "action_time": "2023-06-04T14:05:46.383Z",
    "user": 1,
    "content_type": 7,
    "object_id": "14",
    "object_repr": "Markdawn post 3",
    "action_flag": 1,
    "change_message": "[{\"added\": {}}]"
  }
},
{
  "model": "admin.logentry",
  "pk": 29,
  "fields": {
    "action_time": "2023-06-04T14:08:31.583Z",
    "user": 1,
    "content_type": 7,
    "object_id": "14",
    "object_repr": "Markdawn post 3",
    "action_flag": 2,
    "change_message": "[{\"changed\": {\"fields\": [\"Body\"]}}]"
  }
},
{
  "model": "admin.logentry",
  "pk": 30,
  "fields": {
    "action_time": "2023-06-04T14:08:47.889Z",
    "user": 1,
    "content_type": 7,
    "object_id": "14",
    "object_repr": "Markdawn post 3",
    "action_flag": 2,
    "change_message": "[{\"changed\": {\"fields\": [\"Body\"]}}]"
  }
},
{
  "model": "admin.logentry",
  "pk": 31,
  "fields": {
    "action_time": "2023-06-04T14:11:12.916Z",
    "user": 1,
    "content_type": 7,
    "object_id": "14",
    "object_repr": "Markdawn post 3",
    "action_flag": 2,
    "change_message": "[{\"changed\": {\"fields\": [\"Body\"]}}]"
  }
},
{
  "model": "admin.logentry",
  "pk": 32,
  "fields": {
    "action_time": "2023-06-04T14:13:57.285Z",
    "user": 1,
    "content_type": 7,
    "object_id": "15",
    "object_repr": "Markd post",
    "action_flag": 1,
    "change_message": "[{\"added\": {}}]"
  }
},
{
  "model": "admin.logentry",
  "pk": 33,
  "fields": {
    "action_time": "2023-06-04T14:30:48.797Z",
    "user": 1,
    "content_type": 7,
    "object_id": "15",
    "object_repr": "Markd post",
    "action_flag": 3,
    "change_message": ""
  }
},
{
  "model": "admin.logentry",
  "pk": 34,
  "fields": {
    "action_time": "2023-06-04T14:31:10.670Z",
    "user": 1,
    "content_type": 7,
    "object_id": "14",
    "object_repr": "Markdawn post 3",
    "action_flag": 2,
    "change_message": "[{\"changed\": {\"fields\": [\"Body\"]}}]"
  }
},
{
  "model": "admin.logentry",
  "pk": 35,
  "fields": {
    "action_time": "2023-06-04T14:32:00.868Z",
    "user": 1,
    "content_type": 7,
    "object_id": "14",
    "object_repr": "Markdawn post 3",
    "action_flag": 2,
    "change_message": "[{\"changed\": {\"fields\": [\"Body\"]}}]"
  }
},
{
  "model": "admin.logentry",
  "pk": 36,
  "fields": {
    "action_time": "2023-06-04T14:32:48.303Z",
    "user": 1,
    "content_type": 7,
    "object_id": "14",
    "object_repr": "Markdawn post 3",
    "action_flag": 2,
    "change_message": "[{\"changed\": {\"fields\": [\"Body\"]}}]"
  }
},
{
  "model": "admin.logentry",
  "pk": 37,
  "fields": {
    "action_time": "2023-06-04T14:33:14.272Z",
    "user": 1,
    "content_type": 7,
    "object_id": "14",
    "object_repr": "Markdawn post 3",
    "action_flag": 2,
    "change_message": "[{\"changed\": {\"fields\": [\"Body\"]}}]"
  }
},
{
  "model": "admin.logentry",
  "pk": 38,
  "fields": {
    "action_time": "2023-06-04T14:33:29.070Z",
    "user": 1,
    "content_type": 7,
    "object_id": "14",
    "object_repr": "Markdawn post 3",
    "action_flag": 2,
    "change_message": "[{\"changed\": {\"fields\": [\"Body\"]}}]"
  }
},
{
  "model": "admin.logentry",
  "pk": 39,
  "fields": {
    "action_time": "2023-06-04T14:34:08.906Z",
    "user": 1,
    "content_type": 7,
    "object_id": "14",
    "object_repr": "Markdawn post 3",
    "action_flag": 2,
    "change_message": "[{\"changed\": {\"fields\": [\"Body\"]}}]"
  }
},
{
  "model": "admin.logentry",
  "pk": 40,
  "fields": {
    "action_time": "2023-06-04T14:34:32.084Z",
    "user": 1,
    "content_type": 7,
    "object_id": "14",
    "object_repr": "Markdawn post 3",
    "action_flag": 2,
    "change_message": "[{\"changed\": {\"fields\": [\"Body\"]}}]"
  }
},
{
  "model": "admin.logentry",
  "pk": 41,
  "fields": {
    "action_time": "2023-06-04T14:35:11.971Z",
    "user": 1,
    "content_type": 7,
    "object_id": "14",
    "object_repr": "Markdawn post 3",
    "action_flag": 2,
    "change_message": "[{\"changed\": {\"fields\": [\"Body\"]}}]"
  }
},
{
  "model": "admin.logentry",
  "pk": 42,
  "fields": {
    "action_time": "2023-06-04T14:35:34.704Z",
    "user": 1,
    "content_type": 7,
    "object_id": "14",
    "object_repr": "Markdawn post 3",
    "action_flag": 2,
    "change_message": "[{\"changed\": {\"fields\": [\"Body\"]}}]"
  }
},
{
  "model": "admin.logentry",
  "pk": 43,
  "fields": {
    "action_time": "2023-06-04T14:35:55.939Z",
    "user": 1,
    "content_type": 7,
    "object_id": "14",
    "object_repr": "Markdawn post 3",
    "action_flag": 2,
    "change_message": "[{\"changed\": {\"fields\": [\"Body\"]}}]"
  }
},
{
  "model": "admin.logentry",
  "pk": 44,
  "fields": {
    "action_time": "2023-06-04T14:40:04.089Z",
    "user": 1,
    "content_type": 7,
    "object_id": "14",
    "object_repr": "Markdawn post 3",
    "action_flag": 2,
    "change_message": "[{\"changed\": {\"fields\": [\"Body\"]}}]"
  }
},
{
  "model": "admin.logentry",
  "pk": 45,
  "fields": {
    "action_time": "2023-06-04T14:40:45.474Z",
    "user": 1,
    "content_type": 7,
    "object_id": "14",
    "object_repr": "Markdawn post 3",
    "action_flag": 2,
    "change_message": "[{\"changed\": {\"fields\": [\"Body\"]}}]"
  }
},
{
  "model": "admin.logentry",
  "pk": 46,
  "fields": {
    "action_time": "2023-06-04T14:41:14.227Z",
    "user": 1,
    "content_type": 7,
    "object_id": "14",
    "object_repr": "Markdawn post 3",
    "action_flag": 2,
    "change_message": "[{\"changed\": {\"fields\": [\"Body\"]}}]"
  }
},
{
  "model": "admin.logentry",
  "pk": 47,
  "fields": {
    "action_time": "2023-06-04T14:41:36.185Z",
    "user": 1,
    "content_type": 7,
    "object_id": "14",
    "object_repr": "Markdawn post 3",
    "action_flag": 2,
    "change_message": "[{\"changed\": {\"fields\": [\"Body\"]}}]"
  }
},
{
  "model": "admin.logentry",
  "pk": 48,
  "fields": {
    "action_time": "2023-06-04T14:41:55.155Z",
    "user": 1,
    "content_type": 7,
    "object_id": "14",
    "object_repr": "Markdawn post 3",
    "action_flag": 2,
    "change_message": "[{\"changed\": {\"fields\": [\"Body\"]}}]"
  }
},
{
  "model": "admin.logentry",
  "pk": 49,
  "fields": {
    "action_time": "2023-06-04T14:42:15.219Z",
    "user": 1,
    "content_type": 7,
    "object_id": "14",
    "object_repr": "Markdawn post 3",
    "action_flag": 2,
    "change_message": "[{\"changed\": {\"fields\": [\"Body\"]}}]"
  }
},
{
  "model": "admin.logentry",
  "pk": 50,
  "fields": {
    "action_time": "2023-06-04T14:44:29.445Z",
    "user": 1,
    "content_type": 7,
    "object_id": "14",
    "object_repr": "Markdawn post 3",
    "action_flag": 2,
    "change_message": "[{\"changed\": {\"fields\": [\"Body\"]}}]"
  }
},
{
  "model": "admin.logentry",
  "pk": 51,
  "fields": {
    "action_time": "2023-06-04T14:44:48.227Z",
    "user": 1,
    "content_type": 7,
    "object_id": "14",
    "object_repr": "Markdawn post 3",
    "action_flag": 2,
    "change_message": "[{\"changed\": {\"fields\": [\"Body\"]}}]"
  }
},
{
  "model": "admin.logentry",
  "pk": 52,
  "fields": {
    "action_time": "2023-06-04T14:46:21.853Z",
    "user": 1,
    "content_type": 7,
    "object_id": "14",
    "object_repr": "Markdawn post 3",
    "action_flag": 2,
    "change_message": "[{\"changed\": {\"fields\": [\"Body\"]}}]"
  }
},
{
  "model": "admin.logentry",
  "pk": 53,
  "fields": {
    "action_time": "2023-06-04T14:46:57.422Z",
    "user": 1,
    "content_type": 7,
    "object_id": "14",
    "object_repr": "Markdawn post 3",
    "action_flag": 2,
    "change_message": "[{\"changed\": {\"fields\": [\"Body\"]}}]"
  }
},
{
  "model": "admin.logentry",
  "pk": 54,
  "fields": {
    "action_time": "2023-06-04T14:47:16.875Z",
    "user": 1,
    "content_type": 7,
    "object_id": "14",
    "object_repr": "Markdawn post 3",
    "action_flag": 2,
    "change_message": "[{\"changed\": {\"fields\": [\"Body\"]}}]"
  }
},
{
  "model": "admin.logentry",
  "pk": 55,
  "fields": {
    "action_time": "2023-06-04T14:47:50.131Z",
    "user": 1,
    "content_type": 7,
    "object_id": "14",
    "object_repr": "Markdawn post 3",
    "action_flag": 2,
    "change_message": "[{\"changed\": {\"fields\": [\"Body\"]}}]"
  }
},
{
  "model": "admin.logentry",
  "pk": 56,
  "fields": {
    "action_time": "2023-06-04T14:50:13.584Z",
    "user": 1,
    "content_type": 7,
    "object_id": "14",
    "object_repr": "Markdawn post 3",
    "action_flag": 2,
    "change_message": "[{\"changed\": {\"fields\": [\"Body\"]}}]"
  }
},
{
  "model": "admin.logentry",
  "pk": 57,
  "fields": {
    "action_time": "2023-06-10T11:05:22.820Z",
    "user": 1,
    "content_type": 11,
    "object_id": "1",
    "object_repr": "localhost:8000",
    "action_flag": 2,
    "change_message": "[{\"changed\": {\"fields\": [\"Domain name\", \"Display name\"]}}]"
  }
},
{
  "model": "auth.permission",
  "pk": 1,
  "fields": {
    "name": "Can add log entry",
    "content_type": 1,
    "codename": "add_logentry"
  }
},
{
  "model": "auth.permission",
  "pk": 2,
  "fields": {
    "name": "Can change log entry",
    "content_type": 1,
    "codename": "change_logentry"
  }
},
{
  "model": "auth.permission",
  "pk": 3,
  "fields": {
    "name": "Can delete log entry",
    "content_type": 1,
    "codename": "delete_logentry"
  }
},
{
  "model": "auth.permission",
  "pk": 4,
  "fields": {
    "name": "Can view log entry",
    "content_type": 1,
    "codename": "view_logentry"
  }
},
{
  "model": "auth.permission",
  "pk": 5,
  "fields": {
    "name": "Can add permission",
    "content_type": 2,
    "codename": "add_permission"
  }
},
{
  "model": "auth.permission",
  "pk": 6,
  "fields": {
    "name": "Can change permission",
    "content_type": 2,
    "codename": "change_permission"
  }
},
{
  "model": "auth.permission",
  "pk": 7,
  "fields": {
    "name": "Can delete permission",
    "content_type": 2,
    "codename": "delete_permission"
  }
},
{
  "model": "auth.permission",
  "pk": 8,
  "fields": {
    "name": "Can view permission",
    "content_type": 2,
    "codename": "view_permission"
  }
},
{
  "model": "auth.permission",
  "pk": 9,
  "fields": {
    "name": "Can add group",
    "content_type": 3,
    "codename": "add_group"
  }
},
{
  "model": "auth.permission",
  "pk": 10,
  "fields": {
    "name": "Can change group",
    "content_type": 3,
    "codename": "change_group"
  }
},
{
  "model": "auth.permission",
  "pk": 11,
  "fields": {
    "name": "Can delete group",
    "content_type": 3,
    "codename": "delete_group"
  }
},
{
  "model": "auth.permission",
  "pk": 12,
  "fields": {
    "name": "Can view group",
    "content_type": 3,
    "codename": "view_group"
  }
},
{
  "model": "auth.permission",
  "pk": 13,
  "fields": {
    "name": "Can add user",
    "content_type": 4,
    "codename": "add_user"
  }
},
{
  "model": "auth.permission",
  "pk": 14,
  "fields": {
    "name": "Can change user",
    "content_type": 4,
    "codename": "change_user"
  }
},
{
  "model": "auth.permission",
  "pk": 15,
  "fields": {
    "name": "Can delete user",
    "content_type": 4,
    "codename": "delete_user"
  }
},
{
  "model": "auth.permission",
  "pk": 16,
  "fields": {
    "name": "Can view user",
    "content_type": 4,
    "codename": "view_user"
  }
},
{
  "model": "auth.permission",
  "pk": 17,
  "fields": {
    "name": "Can add content type",
    "content_type": 5,
    "codename": "add_contenttype"
  }
},
{
  "model": "auth.permission",
  "pk": 18,
  "fields": {
    "name": "Can change content type",
    "content_type": 5,
    "codename": "change_contenttype"
  }
},
{
  "model": "auth.permission",
  "pk": 19,
  "fields": {
    "name": "Can delete content type",
    "content_type": 5,
    "codename": "delete_contenttype"
  }
},
{
  "model": "auth.permission",
  "pk": 20,
  "fields": {
    "name": "Can view content type",
    "content_type": 5,
    "codename": "view_contenttype"
  }
},
{
  "model": "auth.permission",
  "pk": 21,
  "fields": {
    "name": "Can add session",
    "content_type": 6,
    "codename": "add_session"
  }
},
{
  "model": "auth.permission",
  "pk": 22,
  "fields": {
    "name": "Can change session",
    "content_type": 6,
    "codename": "change_session"
  }
},
{
  "model": "auth.permission",
  "pk": 23,
  "fields": {
    "name": "Can delete session",
    "content_type": 6,
    "codename": "delete_session"
  }
},
{
  "model": "auth.permission",
  "pk": 24,
  "fields": {
    "name": "Can view session",
    "content_type": 6,
    "codename": "view_session"
  }
},
{
  "model": "auth.permission",
  "pk": 25,
  "fields": {
    "name": "Can add post",
    "content_type": 7,
    "codename": "add_post"
  }
},
{
  "model": "auth.permission",
  "pk": 26,
  "fields": {
    "name": "Can change post",
    "content_type": 7,
    "codename": "change_post"
  }
},
{
  "model": "auth.permission",
  "pk": 27,
  "fields": {
    "name": "Can delete post",
    "content_type": 7,
    "codename": "delete_post"
  }
},
{
  "model": "auth.permission",
  "pk": 28,
  "fields": {
    "name": "Can view post",
    "content_type": 7,
    "codename": "view_post"
  }
},
{
  "model": "auth.permission",
  "pk": 29,
  "fields": {
    "name": "Can add comment",
    "content_type": 8,
    "codename": "add_comment"
  }
},
{
  "model": "auth.permission",
  "pk": 30,
  "fields": {
    "name": "Can change comment",
    "content_type": 8,
    "codename": "change_comment"
  }
},
{
  "model": "auth.permission",
  "pk": 31,
  "fields": {
    "name": "Can delete comment",
    "content_type": 8,
    "codename": "delete_comment"
  }
},
{
  "model": "auth.permission",
  "pk": 32,
  "fields": {
    "name": "Can view comment",
    "content_type": 8,
    "codename": "view_comment"
  }
},
{
  "model": "auth.permission",
  "pk": 33,
  "fields": {
    "name": "Can add tag",
    "content_type": 9,
    "codename": "add_tag"
  }
},
{
  "model": "auth.permission",
  "pk": 34,
  "fields": {
    "name": "Can change tag",
    "content_type": 9,
    "codename": "change_tag"
  }
},
{
  "model": "auth.permission",
  "pk": 35,
  "fields": {
    "name": "Can delete tag",
    "content_type": 9,
    "codename": "delete_tag"
  }
},
{
  "model": "auth.permission",
  "pk": 36,
  "fields": {
    "name": "Can view tag",
    "content_type": 9,
    "codename": "view_tag"
  }
},
{
  "model": "auth.permission",
  "pk": 37,
  "fields": {
    "name": "Can add tagged item",
    "content_type": 10,
    "codename": "add_taggeditem"
  }
},
{
  "model": "auth.permission",
  "pk": 38,
  "fields": {
    "name": "Can change tagged item",
    "content_type": 10,
    "codename": "change_taggeditem"
  }
},
{
  "model": "auth.permission",
  "pk": 39,
  "fields": {
    "name": "Can delete tagged item",
    "content_type": 10,
    "codename": "delete_taggeditem"
  }
},
{
  "model": "auth.permission",
  "pk": 40,
  "fields": {
    "name": "Can view tagged item",
    "content_type": 10,
    "codename": "view_taggeditem"
  }
},
{
  "model": "auth.permission",
  "pk": 41,
  "fields": {
    "name": "Can add site",
    "content_type": 11,
    "codename": "add_site"
  }
},
{
  "model": "auth.permission",
  "pk": 42,
  "fields": {
    "name": "Can change site",
    "content_type": 11,
    "codename": "change_site"
  }
},
{
  "model": "auth.permission",
  "pk": 43,
  "fields": {
    "name": "Can delete site",
    "content_type": 11,
    "codename": "delete_site"
  }
},
{
  "model": "auth.permission",
  "pk": 44,
  "fields": {
    "name": "Can view site",
    "content_type": 11,
    "codename": "view_site"
  }
},
{
  "model": "auth.user",
  "pk": 1,
  "fields": {
    "password": "pbkdf2_sha256$600000$6DSbRljuDfqtrdMLm6pzWC$CwFxQuRUNDvMJacjrhHOLuzLb5xpPGY3vHBKB3M5dJI=",
    "last_login": "2023-06-03T13:45:28.303Z",
    "is_superuser": true,
    "username": "admin",
    "first_name": "",
    "last_name": "",
    "email": "admin@mail.com",
    "is_staff": true,
    "is_active": true,
    "date_joined": "2023-05-21T09:36:53.248Z",
    "groups": [],
    "user_permissions": []
  }
},
{
  "model": "auth.user",
  "pk": 2,
  "fields": {
    "password": "pbkdf2_sha256$600000$XF7Pt9rAZyXWRXCEbfs77r$Z0w/8SpkcngLjTG9koAxINV4EvNxKfIC5N5+pRLOmZI=",
    "last_login": null,
    "is_superuser": false,
    "username": "user1",
    "first_name": "",
    "last_name": "",
    "email": "",
    "is_staff": false,
    "is_active": true,
    "date_joined": "2023-05-28T09:40:07.677Z",
    "groups": [],
    "user_permissions": []
  }
},
{
  "model": "contenttypes.contenttype",
  "pk": 1,
  "fields": {
    "app_label": "admin",
    "model": "logentry"
  }
},
{
  "model": "contenttypes.contenttype",
  "pk": 2,
  "fields": {
    "app_label": "auth",
    "model": "permission"
  }
},
{
  "model": "contenttypes.contenttype",
  "pk": 3,
  "fields": {
    "app_label": "auth",
    "model": "group"
  }
},
{
  "model": "contenttypes.contenttype",
  "pk": 4,
  "fields": {
    "app_label": "auth",
    "model": "user"
  }
},
{
  "model": "contenttypes.contenttype",
  "pk": 5,
  "fields": {
    "app_label": "contenttypes",
    "model": "contenttype"
  }
},
{
  "model": "contenttypes.contenttype",
  "pk": 6,
  "fields": {
    "app_label": "sessions",
    "model": "session"
  }
},
{
  "model": "contenttypes.contenttype",
  "pk": 7,
  "fields": {
    "app_label": "blog",
    "model": "post"
  }
},
{
  "model": "contenttypes.contenttype",
  "pk": 8,
  "fields": {
    "app_label": "blog",
    "model": "comment"
  }
},
{
  "model": "contenttypes.contenttype",
  "pk": 9,
  "fields": {
    "app_label": "taggit",
    "model": "tag"
  }
},
{
  "model": "contenttypes.contenttype",
  "pk": 10,
  "fields": {
    "app_label": "taggit",
    "model": "taggeditem"
  }
},
{
  "model": "contenttypes.contenttype",
  "pk": 11,
  "fields": {
    "app_label": "sites",
    "model": "site"
  }
},
{
  "model": "sessions.session",
  "pk": "bbrnahxfn73k3pghfiiuhm6qn1femmgv",
  "fields": {
    "session_data": ".eJxVjDkOwjAURO_iGlk4ijdKes5g_c04gGwpTirE3UmkFDDlvDfzVgnWpaS1y5wmVhdl1Om3Q6Cn1B3wA-q9aWp1mSfUu6IP2vWtsbyuh_t3UKCXbY0Sx0zWAqMNJBa94TFEa7136F2IEANnR9lLQPbnITMzZRFDWwanPl8K_zl-:1q5RZQ:Ku8-fKmA50HmypmV7qgUTmaF52UDd-sVgBLSyWc0hyM",
    "expire_date": "2023-06-17T13:45:28.399Z"
  }
},
{
  "model": "sessions.session",
  "pk": "iep81523zao4g8qg4jiogkseysl76vpv",
  "fields": {
    "session_data": ".eJxVjDkOwjAURO_iGlk4ijdKes5g_c04gGwpTirE3UmkFDDlvDfzVgnWpaS1y5wmVhdl1Om3Q6Cn1B3wA-q9aWp1mSfUu6IP2vWtsbyuh_t3UKCXbY0Sx0zWAqMNJBa94TFEa7136F2IEANnR9lLQPbnITMzZRFDWwanPl8K_zl-:1q3Ch6:abSfNiP1k55XptNZkDdE1rRDJwv-lfVoUJEVpva1y2M",
    "expire_date": "2023-06-11T09:28:08.149Z"
  }
},
{
  "model": "sessions.session",
  "pk": "n5sz4c88h6gh9niihfftnqv7j9ubkxr6",
  "fields": {
    "session_data": ".eJxVjDkOwjAURO_iGlk4ijdKes5g_c04gGwpTirE3UmkFDDlvDfzVgnWpaS1y5wmVhdl1Om3Q6Cn1B3wA-q9aWp1mSfUu6IP2vWtsbyuh_t3UKCXbY0Sx0zWAqMNJBa94TFEa7136F2IEANnR9lLQPbnITMzZRFDWwanPl8K_zl-:1q0fpn:JE9ZGmeFYF8qpi5GYgi6IJNG_fQd9YlyPQ2nRviaQg0",
    "expire_date": "2023-06-04T09:58:39.614Z"
  }
},
{
  "model": "blog.post",
  "pk": 1,
  "fields": {
    "title": "New title",
    "slug": "another-post",
    "author": 1,
    "body": "Post body.",
    "publish": "2023-05-21T09:53:27Z",
    "created": "2023-05-21T09:53:45.365Z",
    "updated": "2023-06-03T13:51:06.481Z",
    "status": "PB"
  }
},
{
  "model": "blog.post",
  "pk": 2,
  "fields": {
    "title": "One more post",
    "slug": "one-more-post",
    "author": 1,
    "body": "Post body.",
    "publish": "2023-05-21T09:56:57.097Z",
    "created": "2023-05-21T09:56:57.097Z",
    "updated": "2023-05-21T09:56:57.097Z",
    "status": "DF"
  }
},
{
  "model": "blog.post",
  "pk": 3,
  "fields": {
    "title": "Tets title",
    "slug": "tets-title",
    "author": 1,
    "body": "Some test text",
    "publish": "2023-05-21T10:25:15Z",
    "created": "2023-05-21T10:25:35.025Z",
    "updated": "2023-06-03T15:29:10.023Z",
    "status": "PB"
  }
},
{
  "model": "blog.post",
  "pk": 4,
  "fields": {
    "title": "Tetst2",
    "slug": "tetst2",
    "author": 1,
    "body": "Test2 text",
    "publish": "2023-05-21T10:32:38Z",
    "created": "2023-05-21T10:32:53.162Z",
    "updated": "2023-06-04T12:12:59.181Z",
    "status": "PB"
  }
},
{
  "model": "blog.post",
  "pk": 5,
  "fields": {
    "title": "Tetst2",
    "slug": "tetst2",
    "author": 1,
    "body": "Test text 3",
    "publish": "2023-05-28T09:28:17Z",
    "created": "2023-05-28T09:29:08.907Z",
    "updated": "2023-06-04T12:13:10.491Z",
    "status": "PB"
  }
},
{
  "model": "blog.post",
  "pk": 6,
  "fields": {
    "title": "Test3",
    "slug": "test3",
    "author": 1,
    "body": "erwtgweryhrty",
    "publish": "2023-05-28T09:30:17Z",
    "created": "2023-05-28T09:30:29.728Z",
    "updated": "2023-05-28T09:30:29.728Z",
    "status": "PB"
  }
},
{
  "model": "blog.post",
  "pk": 7,
  "fields": {
    "title": "Test4",
    "slug": "test4",
    "author": 2,
    "body": "rghtrjhtr",
    "publish": "2023-05-28T09:40:10Z",
    "created": "2023-05-28T09:40:55.411Z",
    "updated": "2023-06-04T12:13:16.723Z",
    "status": "PB"
  }
},
{
  "model": "blog.post",
  "pk": 8,
  "fields": {
    "title": "Tets title",
    "slug": "tets-title",
    "author": 2,
    "body": "dhyrtuhtrj",
    "publish": "2023-05-28T09:41:10Z",
    "created": "2023-05-28T09:41:32.149Z",
    "updated": "2023-05-28T09:41:32.150Z",
    "status": "PB"
  }
},
{
  "model": "blog.post",
  "pk": 12,
  "fields": {
    "title": "Markdown post",
    "slug": "markdown-post",
    "author": 1,
    "body": "This is a post formatted with markdown\r\n--------------------------------------\r\n#This is emphasized* and **this is more emphasized**.\r\nHere is a list:\r\n### One\r\n### Two\r\n### Three\r\nAnd a [link to the Django website](https://www.djangoproject.com/).",
    "publish": "2023-06-04T13:58:46Z",
    "created": "2023-06-04T13:59:43.671Z",
    "updated": "2023-06-04T13:59:43.671Z",
    "status": "PB"
  }
},
{
  "model": "blog.post",
  "pk": 13,
  "fields": {
    "title": "Markdawn post2",
    "slug": "markdawn-post2",
    "author": 1,
    "body": "This is a post formatted with markdown\r\n--------------------------------------\r\n#This is emphasized* and **this is more emphasized**.\r\nHere is a list:\r\n### One\r\n### Two\r\n### Three\r\nAnd a [link to the Django website](https://www.djangoproject.com/).",
    "publish": "2023-06-04T14:00:23Z",
    "created": "2023-06-04T14:01:05.641Z",
    "updated": "2023-06-04T14:04:26.055Z",
    "status": "PB"
  }
},
{
  "model": "blog.post",
  "pk": 14,
  "fields": {
    "title": "Markdawn post 3",
    "slug": "markdawn-post-3",
    "author": 1,
    "body": "This is a post formatted with markdown\r\n--------------------------------------\r\n*This is emphasized* and **this is more emphasized**.\r\nHere is a list:\r\n\r\n* One\r\n* Two\r\n* Three\r\n\r\nAnd a [link to the Django website](https://www.djangoproject.com/).",
    "publish": "2023-06-04T14:04:50Z",
    "created": "2023-06-04T14:05:46.378Z",
    "updated": "2023-06-04T14:50:13.580Z",
    "status": "PB"
  }
},
{
  "model": "blog.comment",
  "pk": 1,
  "fields": {
    "post": 1,
    "name": "Stan",
    "email": "mail@mail.ru",
    "body": "Ыщьу зшзщд ершы пкуфе пщщв зшзщд",
    "created": "2023-05-29T14:09:35.759Z",
    "updated": "2023-05-29T14:09:35.759Z",
    "active": true
  }
},
{
  "model": "blog.comment",
  "pk": 2,
  "fields": {
    "post": 2,
    "name": "Stan",
    "email": "fdhsifh@nksjanf.ru",
    "body": "dsofjdsigjiofdjgvf",
    "created": "2023-05-29T14:10:24.421Z",
    "updated": "2023-05-29T14:10:24.421Z",
    "active": true
  }
},
{
  "model": "blog.comment",
  "pk": 3,
  "fields": {
    "post": 8,
    "name": "Гость",
    "email": "somemail@gmail.com",
    "body": "dsgfdsgfd",
    "created": "2023-06-03T11:09:08.467Z",
    "updated": "2023-06-03T11:09:08.467Z",
    "active": true
  }
},
{
  "model": "blog.comment",
  "pk": 4,
  "fields": {
    "post": 8,
    "name": "tank",
    "email": "somemail@gmail.com",
    "body": "rethytyujytuiyui",
    "created": "2023-06-03T11:09:21.276Z",
    "updated": "2023-06-03T11:09:21.276Z",
    "active": true
  }
},
{
  "model": "blog.comment",
  "pk": 5,
  "fields": {
    "post": 8,
    "name": "Stan",
    "email": "oootehts@gmail.com",
    "body": "уцке",
    "created": "2023-06-03T11:41:33.403Z",
    "updated": "2023-06-03T11:41:33.403Z",
    "active": true
  }
},
{
  "model": "blog.comment",
  "pk": 6,
  "fields": {
    "post": 8,
    "name": "Stan",
    "email": "oootehts@gmail.com",
    "body": "уцке",
    "created": "2023-06-03T11:46:54.417Z",
    "updated": "2023-06-03T11:46:54.417Z",
    "active": true
  }
},
{
  "model": "blog.comment",
  "pk": 7,
  "fields": {
    "post": 8,
    "name": "Гость",
    "email": "oootehts@gmail.com",
    "body": "уцау",
    "created": "2023-06-03T11:47:12.775Z",
    "updated": "2023-06-03T11:47:12.775Z",
    "active": true
  }
},
{
  "model": "blog.comment",
  "pk": 8,
  "fields": {
    "post": 7,
    "name": "Stan",
    "email": "oootehts@gmail.com",
    "body": "DEGDS",
    "created": "2023-06-03T11:51:07.507Z",
    "updated": "2023-06-03T11:51:07.507Z",
    "active": true
  }
},
{
  "model": "blog.comment",
  "pk": 9,
  "fields": {
    "post": 7,
    "name": "REHT",
    "email": "oootehts@gmail.com",
    "body": "dfbhf",
    "created": "2023-06-03T11:51:38.241Z",
    "updated": "2023-06-03T11:51:38.241Z",
    "active": true
  }
},
{
  "model": "blog.comment",
  "pk": 10,
  "fields": {
    "post": 6,
    "name": "ewrew",
    "email": "mail@mail.ru",
    "body": "fadsasdf",
    "created": "2023-06-03T12:05:48.589Z",
    "updated": "2023-06-03T12:05:48.589Z",
    "active": true
  }
},
{
  "model": "blog.comment",
  "pk": 11,
  "fields": {
    "post": 6,
    "name": "ret",
    "email": "mail@mail.ru",
    "body": "ewtw",
    "created": "2023-06-03T12:07:25.407Z",
    "updated": "2023-06-03T12:07:25.407Z",
    "active": true
  }
},
{
  "model": "taggit.tag",
  "pk": 1,
  "fields": {
    "name": "django",
    "slug": "django"
  }
},
{
  "model": "taggit.tag",
  "pk": 2,
  "fields": {
    "name": "music",
    "slug": "music"
  }
},
{
  "model": "taggit.tag",
  "pk": 3,
  "fields": {
    "name": "jazz",
    "slug": "jazz"
  }
},
{
  "model": "taggit.tag",
  "pk": 4,
  "fields": {
    "name": "markdown",
    "slug": "markdown"
  }
},
{
  "model": "taggit.taggeditem",
  "pk": 2,
  "fields": {
    "tag": 2,
    "content_type": 7,
    "object_id": 1
  }
},
{
  "model": "taggit.taggeditem",
  "pk": 3,
  "fields": {
    "tag": 3,
    "content_type": 7,
    "object_id": 1
  }
},
{
  "model": "taggit.taggeditem",
  "pk": 4,
  "fields": {
    "tag": 1,
    "content_type": 7,
    "object_id": 3
  }
},
{
  "model": "taggit.taggeditem",
  "pk": 5,
  "fields": {
    "tag": 2,
    "content_type": 7,
    "object_id": 3
  }
},
{
  "model": "taggit.taggeditem",
  "pk": 6,
  "fields": {
    "tag": 1,
    "content_type": 7,
    "object_id": 4
  }
},
{
  "model": "taggit.taggeditem",
  "pk": 7,
  "fields": {
    "tag": 2,
    "content_type": 7,
    "object_id": 4
  }
},
{
  "model": "taggit.taggeditem",
  "pk": 8,
  "fields": {
    "tag": 1,
    "content_type": 7,
    "object_id": 5
  }
},
{
  "model": "taggit.taggeditem",
  "pk": 9,
  "fields": {
    "tag": 1,
    "content_type": 7,
    "object_id": 7
  }
},
{
  "model": "taggit.taggeditem",
  "pk": 13,
  "fields": {
    "tag": 4,
    "content_type": 7,
    "object_id": 12
  }
},
{
  "model": "taggit.taggeditem",
  "pk": 14,
  "fields": {
    "tag": 4,
    "content_type": 7,
    "object_id": 13
  }
},
{
  "model": "taggit.taggeditem",
  "pk": 15,
  "fields": {
    "tag": 4,
    "content_type": 7,
    "object_id": 14
  }
},
{
  "model": "sites.site",
  "pk": 1,
  "fields": {
    "domain": "localhost:8000",
    "name": "localhost:8000"
  }
}
]
